phase,n_leaves,boundary_cells,refinable_cells,refined_parents,vi_iterations,converged,time_vi_s,time_successors_s,time_phase_s,wall_since_start_s,timestamp
0,27000,24350,24350,0,403,True,0.159,0.069,0.768,0.768,2026-10-04T19:54:25
1,51350,48462,48462,24350,403,True,0.361,0.106,1.104,1.873,2026-10-04T19:54:26
2,99812,95536,95536,48462,69,True,0.201,0.245,1.020,2.894,2026-10-04T19:54:27
3,195348,162520,162520,95536,403,True,120.925,0.415,121.955,124.854,2026-10-04T19:56:29
4,357868,319910,319910,162520,403,True,2.601,0.779,4.091,128.952,2026-10-04T19:56:33
5,677778,630716,630716,319910,403,True,7.314,1.989,10.152,139.116,2026-10-04T19:56:43
6,1308494,893710,893710,630716,400,True,7.026,3.028,11.285,150.424,2026-10-04T19:56:54
7,2202204,1699952,1699952,893710,374,True,14.694,4.214,20.714,171.177,2026-10-04T19:57:15
8,3902156,3340654,3340654,1699952,374,True,62.891,9.103,75.386,246.636,2026-10-04T19:58:31
9,7242810,2568450,2568450,3340654,129,True,35.351,16.468,59.041,305.797,2026-10-04T19:59:30
10,9811260,5060692,5060692,2568450,138,True,96.243,16.006,119.857,425.847,2026-10-04T20:01:30
11,14871952,9948516,9948516,5060692,137,True,389.922,27.999,448.640,874.796,2026-10-04T20:08:59
12,24820468,13296888,0,9948516,154,True,564.519,85.901,745.331,1620.614,2026-10-04T20:21:25
